video_name,status,total_frames,i_frames,p_frames,b_frames,propagated_frames,tracking_data,motion_data,error,processing_time
Walking (1),SUCCESS,303,11,90,202,292,C:\Users\newuser\capstone_project\output\Walking (1)\tracking\tracking_results.csv,C:\Users\newuser\capstone_project\output\Walking (1)\motion\roi_motion_data.json,,11.08s
Walking (2),SUCCESS,303,11,90,202,292,C:\Users\newuser\capstone_project\output\Walking (2)\tracking\tracking_results.csv,C:\Users\newuser\capstone_project\output\Walking (2)\motion\roi_motion_data.json,,12.05s
Walking (3),SUCCESS,298,10,90,198,288,C:\Users\newuser\capstone_project\output\Walking (3)\tracking\tracking_results.csv,C:\Users\newuser\capstone_project\output\Walking (3)\motion\roi_motion_data.json,,10.93s
Walking (4),SUCCESS,303,11,90,202,292,C:\Users\newuser\capstone_project\output\Walking (4)\tracking\tracking_results.csv,C:\Users\newuser\capstone_project\output\Walking (4)\motion\roi_motion_data.json,,12.30s
Walking (5),SUCCESS,280,10,84,186,270,C:\Users\newuser\capstone_project\output\Walking (5)\tracking\tracking_results.csv,C:\Users\newuser\capstone_project\output\Walking (5)\motion\roi_motion_data.json,,10.67s
Walking (6),SUCCESS,372,13,111,248,359,C:\Users\newuser\capstone_project\output\Walking (6)\tracking\tracking_results.csv,C:\Users\newuser\capstone_project\output\Walking (6)\motion\roi_motion_data.json,,14.57s
Walking (7),SUCCESS,260,9,78,173,251,C:\Users\newuser\capstone_project\output\Walking (7)\tracking\tracking_results.csv,C:\Users\newuser\capstone_project\output\Walking (7)\motion\roi_motion_data.json,,9.31s
Walking (8),SUCCESS,282,10,84,188,272,C:\Users\newuser\capstone_project\output\Walking (8)\tracking\tracking_results.csv,C:\Users\newuser\capstone_project\output\Walking (8)\motion\roi_motion_data.json,,12.03s
Walking (9),SUCCESS,274,10,82,182,264,C:\Users\newuser\capstone_project\output\Walking (9)\tracking\tracking_results.csv,C:\Users\newuser\capstone_project\output\Walking (9)\motion\roi_motion_data.json,,12.07s
Walking (10),SUCCESS,292,10,88,194,282,C:\Users\newuser\capstone_project\output\Walking (10)\tracking\tracking_results.csv,C:\Users\newuser\capstone_project\output\Walking (10)\motion\roi_motion_data.json,,13.54s
Walking (11),SUCCESS,363,13,109,241,350,C:\Users\newuser\capstone_project\output\Walking (11)\tracking\tracking_results.csv,C:\Users\newuser\capstone_project\output\Walking (11)\motion\roi_motion_data.json,,23.15s
Walking (12),SUCCESS,304,11,91,202,293,C:\Users\newuser\capstone_project\output\Walking (12)\tracking\tracking_results.csv,C:\Users\newuser\capstone_project\output\Walking (12)\motion\roi_motion_data.json,,8.35s
Walking (13),SUCCESS,324,11,97,216,313,C:\Users\newuser\capstone_project\output\Walking (13)\tracking\tracking_results.csv,C:\Users\newuser\capstone_project\output\Walking (13)\motion\roi_motion_data.json,,8.68s
Walking (14),SUCCESS,338,12,101,225,326,C:\Users\newuser\capstone_project\output\Walking (14)\tracking\tracking_results.csv,C:\Users\newuser\capstone_project\output\Walking (14)\motion\roi_motion_data.json,,9.88s
Walking (15),SUCCESS,324,11,97,216,313,C:\Users\newuser\capstone_project\output\Walking (15)\tracking\tracking_results.csv,C:\Users\newuser\capstone_project\output\Walking (15)\motion\roi_motion_data.json,,10.66s
Walking (16),SUCCESS,331,12,99,220,319,C:\Users\newuser\capstone_project\output\Walking (16)\tracking\tracking_results.csv,C:\Users\newuser\capstone_project\output\Walking (16)\motion\roi_motion_data.json,,13.96s
Walking (17),SUCCESS,257,9,77,171,248,C:\Users\newuser\capstone_project\output\Walking (17)\tracking\tracking_results.csv,C:\Users\newuser\capstone_project\output\Walking (17)\motion\roi_motion_data.json,,4.61s
Walking (18),SUCCESS,253,9,76,168,244,C:\Users\newuser\capstone_project\output\Walking (18)\tracking\tracking_results.csv,C:\Users\newuser\capstone_project\output\Walking (18)\motion\roi_motion_data.json,,4.50s
Walking (19),SUCCESS,270,9,81,180,261,C:\Users\newuser\capstone_project\output\Walking (19)\tracking\tracking_results.csv,C:\Users\newuser\capstone_project\output\Walking (19)\motion\roi_motion_data.json,,4.94s
Walking (20),SUCCESS,267,9,80,178,258,C:\Users\newuser\capstone_project\output\Walking (20)\tracking\tracking_results.csv,C:\Users\newuser\capstone_project\output\Walking (20)\motion\roi_motion_data.json,,4.58s
Walking (21),SUCCESS,120,4,36,80,116,C:\Users\newuser\capstone_project\output\Walking (21)\tracking\tracking_results.csv,C:\Users\newuser\capstone_project\output\Walking (21)\motion\roi_motion_data.json,,2.28s
Walking (22),SUCCESS,276,10,82,184,266,C:\Users\newuser\capstone_project\output\Walking (22)\tracking\tracking_results.csv,C:\Users\newuser\capstone_project\output\Walking (22)\motion\roi_motion_data.json,,5.00s
Walking (23),SUCCESS,175,7,53,115,168,C:\Users\newuser\capstone_project\output\Walking (23)\tracking\tracking_results.csv,C:\Users\newuser\capstone_project\output\Walking (23)\motion\roi_motion_data.json,,4.12s
Walking (24),SUCCESS,242,9,72,161,233,C:\Users\newuser\capstone_project\output\Walking (24)\tracking\tracking_results.csv,C:\Users\newuser\capstone_project\output\Walking (24)\motion\roi_motion_data.json,,6.07s
Walking (25),SUCCESS,246,9,74,163,237,C:\Users\newuser\capstone_project\output\Walking (25)\tracking\tracking_results.csv,C:\Users\newuser\capstone_project\output\Walking (25)\motion\roi_motion_data.json,,6.35s
Walking (26),SUCCESS,175,6,53,116,169,C:\Users\newuser\capstone_project\output\Walking (26)\tracking\tracking_results.csv,C:\Users\newuser\capstone_project\output\Walking (26)\motion\roi_motion_data.json,,4.32s
Walking (27),SUCCESS,178,5,56,117,173,C:\Users\newuser\capstone_project\output\Walking (27)\tracking\tracking_results.csv,C:\Users\newuser\capstone_project\output\Walking (27)\motion\roi_motion_data.json,,3.81s
Walking (28),SUCCESS,231,8,70,153,223,C:\Users\newuser\capstone_project\output\Walking (28)\tracking\tracking_results.csv,C:\Users\newuser\capstone_project\output\Walking (28)\motion\roi_motion_data.json,,5.17s
Walking (29),SUCCESS,244,9,73,162,235,C:\Users\newuser\capstone_project\output\Walking (29)\tracking\tracking_results.csv,C:\Users\newuser\capstone_project\output\Walking (29)\motion\roi_motion_data.json,,6.03s
Walking (30),SUCCESS,179,7,53,119,172,C:\Users\newuser\capstone_project\output\Walking (30)\tracking\tracking_results.csv,C:\Users\newuser\capstone_project\output\Walking (30)\motion\roi_motion_data.json,,4.11s
Walking (31),SUCCESS,331,12,99,220,319,C:\Users\newuser\capstone_project\output\Walking (31)\tracking\tracking_results.csv,C:\Users\newuser\capstone_project\output\Walking (31)\motion\roi_motion_data.json,,11.86s
Walking (32),SUCCESS,320,11,96,213,309,C:\Users\newuser\capstone_project\output\Walking (32)\tracking\tracking_results.csv,C:\Users\newuser\capstone_project\output\Walking (32)\motion\roi_motion_data.json,,4.70s
Walking (33),SUCCESS,316,11,95,210,305,C:\Users\newuser\capstone_project\output\Walking (33)\tracking\tracking_results.csv,C:\Users\newuser\capstone_project\output\Walking (33)\motion\roi_motion_data.json,,4.26s
Walking (34),SUCCESS,338,12,101,225,326,C:\Users\newuser\capstone_project\output\Walking (34)\tracking\tracking_results.csv,C:\Users\newuser\capstone_project\output\Walking (34)\motion\roi_motion_data.json,,4.71s
Walking (35),SUCCESS,419,14,126,279,405,C:\Users\newuser\capstone_project\output\Walking (35)\tracking\tracking_results.csv,C:\Users\newuser\capstone_project\output\Walking (35)\motion\roi_motion_data.json,,6.82s
Walking (36),SUCCESS,355,12,107,236,343,C:\Users\newuser\capstone_project\output\Walking (36)\tracking\tracking_results.csv,C:\Users\newuser\capstone_project\output\Walking (36)\motion\roi_motion_data.json,,5.35s
Walking (37),SUCCESS,353,12,106,235,341,C:\Users\newuser\capstone_project\output\Walking (37)\tracking\tracking_results.csv,C:\Users\newuser\capstone_project\output\Walking (37)\motion\roi_motion_data.json,,5.54s
Walking (38),SUCCESS,311,11,93,207,300,C:\Users\newuser\capstone_project\output\Walking (38)\tracking\tracking_results.csv,C:\Users\newuser\capstone_project\output\Walking (38)\motion\roi_motion_data.json,,5.42s
Walking (39),SUCCESS,319,11,96,212,308,C:\Users\newuser\capstone_project\output\Walking (39)\tracking\tracking_results.csv,C:\Users\newuser\capstone_project\output\Walking (39)\motion\roi_motion_data.json,,5.05s
Walking (40),SUCCESS,321,11,96,214,310,C:\Users\newuser\capstone_project\output\Walking (40)\tracking\tracking_results.csv,C:\Users\newuser\capstone_project\output\Walking (40)\motion\roi_motion_data.json,,4.97s
Walking (41),SUCCESS,358,12,108,238,346,C:\Users\newuser\capstone_project\output\Walking (41)\tracking\tracking_results.csv,C:\Users\newuser\capstone_project\output\Walking (41)\motion\roi_motion_data.json,,5.44s
Walking (42),SUCCESS,358,12,108,238,346,C:\Users\newuser\capstone_project\output\Walking (42)\tracking\tracking_results.csv,C:\Users\newuser\capstone_project\output\Walking (42)\motion\roi_motion_data.json,,6.12s
Walking (43),SUCCESS,362,13,108,241,349,C:\Users\newuser\capstone_project\output\Walking (43)\tracking\tracking_results.csv,C:\Users\newuser\capstone_project\output\Walking (43)\motion\roi_motion_data.json,,5.55s
Walking (44),SUCCESS,332,12,99,221,320,C:\Users\newuser\capstone_project\output\Walking (44)\tracking\tracking_results.csv,C:\Users\newuser\capstone_project\output\Walking (44)\motion\roi_motion_data.json,,5.60s
Walking (45),SUCCESS,332,12,99,221,320,C:\Users\newuser\capstone_project\output\Walking (45)\tracking\tracking_results.csv,C:\Users\newuser\capstone_project\output\Walking (45)\motion\roi_motion_data.json,,5.70s
Walking (46),SUCCESS,310,11,93,206,299,C:\Users\newuser\capstone_project\output\Walking (46)\tracking\tracking_results.csv,C:\Users\newuser\capstone_project\output\Walking (46)\motion\roi_motion_data.json,,5.10s
Walking (47),SUCCESS,272,10,81,181,262,C:\Users\newuser\capstone_project\output\Walking (47)\tracking\tracking_results.csv,C:\Users\newuser\capstone_project\output\Walking (47)\motion\roi_motion_data.json,,4.47s
Walking (48),SUCCESS,297,10,89,198,287,C:\Users\newuser\capstone_project\output\Walking (48)\tracking\tracking_results.csv,C:\Users\newuser\capstone_project\output\Walking (48)\motion\roi_motion_data.json,,4.70s
Walking (49),SUCCESS,420,14,126,280,406,C:\Users\newuser\capstone_project\output\Walking (49)\tracking\tracking_results.csv,C:\Users\newuser\capstone_project\output\Walking (49)\motion\roi_motion_data.json,,7.47s
Walking (50),SUCCESS,370,13,111,246,357,C:\Users\newuser\capstone_project\output\Walking (50)\tracking\tracking_results.csv,C:\Users\newuser\capstone_project\output\Walking (50)\motion\roi_motion_data.json,,6.99s
Walking (51),SUCCESS,369,13,110,246,356,C:\Users\newuser\capstone_project\output\Walking (51)\tracking\tracking_results.csv,C:\Users\newuser\capstone_project\output\Walking (51)\motion\roi_motion_data.json,,7.05s
Walking (52),SUCCESS,299,10,90,199,289,C:\Users\newuser\capstone_project\output\Walking (52)\tracking\tracking_results.csv,C:\Users\newuser\capstone_project\output\Walking (52)\motion\roi_motion_data.json,,5.74s
Walking (53),SUCCESS,278,10,83,185,268,C:\Users\newuser\capstone_project\output\Walking (53)\tracking\tracking_results.csv,C:\Users\newuser\capstone_project\output\Walking (53)\motion\roi_motion_data.json,,5.80s
Walking (54),SUCCESS,267,9,80,178,258,C:\Users\newuser\capstone_project\output\Walking (54)\tracking\tracking_results.csv,C:\Users\newuser\capstone_project\output\Walking (54)\motion\roi_motion_data.json,,5.17s
Walking (55),SUCCESS,457,16,137,304,441,C:\Users\newuser\capstone_project\output\Walking (55)\tracking\tracking_results.csv,C:\Users\newuser\capstone_project\output\Walking (55)\motion\roi_motion_data.json,,6.94s
Walking (56),SUCCESS,359,12,108,239,347,C:\Users\newuser\capstone_project\output\Walking (56)\tracking\tracking_results.csv,C:\Users\newuser\capstone_project\output\Walking (56)\motion\roi_motion_data.json,,5.13s
Walking (57),SUCCESS,310,11,93,206,299,C:\Users\newuser\capstone_project\output\Walking (57)\tracking\tracking_results.csv,C:\Users\newuser\capstone_project\output\Walking (57)\motion\roi_motion_data.json,,4.35s
Walking (58),SUCCESS,300,10,90,200,290,C:\Users\newuser\capstone_project\output\Walking (58)\tracking\tracking_results.csv,C:\Users\newuser\capstone_project\output\Walking (58)\motion\roi_motion_data.json,,5.43s
Walking (59),SUCCESS,295,10,89,196,285,C:\Users\newuser\capstone_project\output\Walking (59)\tracking\tracking_results.csv,C:\Users\newuser\capstone_project\output\Walking (59)\motion\roi_motion_data.json,,4.49s
Walking (60),SUCCESS,277,10,83,184,267,C:\Users\newuser\capstone_project\output\Walking (60)\tracking\tracking_results.csv,C:\Users\newuser\capstone_project\output\Walking (60)\motion\roi_motion_data.json,,3.66s
Walking (61),SUCCESS,331,12,99,220,319,C:\Users\newuser\capstone_project\output\Walking (61)\tracking\tracking_results.csv,C:\Users\newuser\capstone_project\output\Walking (61)\motion\roi_motion_data.json,,5.27s
Walking (62),SUCCESS,299,10,90,199,289,C:\Users\newuser\capstone_project\output\Walking (62)\tracking\tracking_results.csv,C:\Users\newuser\capstone_project\output\Walking (62)\motion\roi_motion_data.json,,4.96s
Walking (63),SUCCESS,351,12,105,234,339,C:\Users\newuser\capstone_project\output\Walking (63)\tracking\tracking_results.csv,C:\Users\newuser\capstone_project\output\Walking (63)\motion\roi_motion_data.json,,5.99s
Walking (64),SUCCESS,339,12,101,226,327,C:\Users\newuser\capstone_project\output\Walking (64)\tracking\tracking_results.csv,C:\Users\newuser\capstone_project\output\Walking (64)\motion\roi_motion_data.json,,5.34s
Walking (65),SUCCESS,332,12,99,221,320,C:\Users\newuser\capstone_project\output\Walking (65)\tracking\tracking_results.csv,C:\Users\newuser\capstone_project\output\Walking (65)\motion\roi_motion_data.json,,5.14s
Walking (66),SUCCESS,365,13,109,243,352,C:\Users\newuser\capstone_project\output\Walking (66)\tracking\tracking_results.csv,C:\Users\newuser\capstone_project\output\Walking (66)\motion\roi_motion_data.json,,5.42s
Walking (67),SUCCESS,365,13,109,243,352,C:\Users\newuser\capstone_project\output\Walking (67)\tracking\tracking_results.csv,C:\Users\newuser\capstone_project\output\Walking (67)\motion\roi_motion_data.json,,5.57s
Walking (68),SUCCESS,356,12,107,237,344,C:\Users\newuser\capstone_project\output\Walking (68)\tracking\tracking_results.csv,C:\Users\newuser\capstone_project\output\Walking (68)\motion\roi_motion_data.json,,5.61s
Walking (69),SUCCESS,325,11,98,216,314,C:\Users\newuser\capstone_project\output\Walking (69)\tracking\tracking_results.csv,C:\Users\newuser\capstone_project\output\Walking (69)\motion\roi_motion_data.json,,4.90s
Walking (70),SUCCESS,317,11,95,211,306,C:\Users\newuser\capstone_project\output\Walking (70)\tracking\tracking_results.csv,C:\Users\newuser\capstone_project\output\Walking (70)\motion\roi_motion_data.json,,6.28s
Walking (71),SUCCESS,304,11,91,202,293,C:\Users\newuser\capstone_project\output\Walking (71)\tracking\tracking_results.csv,C:\Users\newuser\capstone_project\output\Walking (71)\motion\roi_motion_data.json,,6.00s
Walking (72),SUCCESS,395,14,118,263,381,C:\Users\newuser\capstone_project\output\Walking (72)\tracking\tracking_results.csv,C:\Users\newuser\capstone_project\output\Walking (72)\motion\roi_motion_data.json,,5.90s
Walking (73),SUCCESS,368,13,110,245,355,C:\Users\newuser\capstone_project\output\Walking (73)\tracking\tracking_results.csv,C:\Users\newuser\capstone_project\output\Walking (73)\motion\roi_motion_data.json,,4.20s
Walking (74),SUCCESS,368,13,110,245,355,C:\Users\newuser\capstone_project\output\Walking (74)\tracking\tracking_results.csv,C:\Users\newuser\capstone_project\output\Walking (74)\motion\roi_motion_data.json,,5.09s
Walking (75),SUCCESS,426,15,127,284,411,C:\Users\newuser\capstone_project\output\Walking (75)\tracking\tracking_results.csv,C:\Users\newuser\capstone_project\output\Walking (75)\motion\roi_motion_data.json,,5.89s
Walking (76),SUCCESS,405,14,121,270,391,C:\Users\newuser\capstone_project\output\Walking (76)\tracking\tracking_results.csv,C:\Users\newuser\capstone_project\output\Walking (76)\motion\roi_motion_data.json,,5.17s
Walking (77),SUCCESS,410,14,123,273,396,C:\Users\newuser\capstone_project\output\Walking (77)\tracking\tracking_results.csv,C:\Users\newuser\capstone_project\output\Walking (77)\motion\roi_motion_data.json,,5.35s
Walking (78),SUCCESS,334,11,100,223,323,C:\Users\newuser\capstone_project\output\Walking (78)\tracking\tracking_results.csv,C:\Users\newuser\capstone_project\output\Walking (78)\motion\roi_motion_data.json,,5.18s
Walking (79),SUCCESS,301,11,90,200,290,C:\Users\newuser\capstone_project\output\Walking (79)\tracking\tracking_results.csv,C:\Users\newuser\capstone_project\output\Walking (79)\motion\roi_motion_data.json,,9.60s
Walking (80),SUCCESS,259,9,78,172,250,C:\Users\newuser\capstone_project\output\Walking (80)\tracking\tracking_results.csv,C:\Users\newuser\capstone_project\output\Walking (80)\motion\roi_motion_data.json,,3.43s
Walking (81),SUCCESS,217,8,65,144,209,C:\Users\newuser\capstone_project\output\Walking (81)\tracking\tracking_results.csv,C:\Users\newuser\capstone_project\output\Walking (81)\motion\roi_motion_data.json,,8.22s
Walking (82),SUCCESS,308,11,92,205,297,C:\Users\newuser\capstone_project\output\Walking (82)\tracking\tracking_results.csv,C:\Users\newuser\capstone_project\output\Walking (82)\motion\roi_motion_data.json,,9.18s
Walking (83),SUCCESS,299,10,90,199,289,C:\Users\newuser\capstone_project\output\Walking (83)\tracking\tracking_results.csv,C:\Users\newuser\capstone_project\output\Walking (83)\motion\roi_motion_data.json,,8.40s
Walking (84),SUCCESS,301,11,90,200,290,C:\Users\newuser\capstone_project\output\Walking (84)\tracking\tracking_results.csv,C:\Users\newuser\capstone_project\output\Walking (84)\motion\roi_motion_data.json,,8.78s
Walking (85),SUCCESS,301,11,90,200,290,C:\Users\newuser\capstone_project\output\Walking (85)\tracking\tracking_results.csv,C:\Users\newuser\capstone_project\output\Walking (85)\motion\roi_motion_data.json,,7.78s
Walking (86),SUCCESS,303,11,90,202,292,C:\Users\newuser\capstone_project\output\Walking (86)\tracking\tracking_results.csv,C:\Users\newuser\capstone_project\output\Walking (86)\motion\roi_motion_data.json,,7.27s
Walking (87),SUCCESS,286,10,86,190,276,C:\Users\newuser\capstone_project\output\Walking (87)\tracking\tracking_results.csv,C:\Users\newuser\capstone_project\output\Walking (87)\motion\roi_motion_data.json,,7.82s
Walking (88),SUCCESS,305,11,91,203,294,C:\Users\newuser\capstone_project\output\Walking (88)\tracking\tracking_results.csv,C:\Users\newuser\capstone_project\output\Walking (88)\motion\roi_motion_data.json,,10.90s
Walking (89),SUCCESS,295,11,88,196,284,C:\Users\newuser\capstone_project\output\Walking (89)\tracking\tracking_results.csv,C:\Users\newuser\capstone_project\output\Walking (89)\motion\roi_motion_data.json,,10.03s
Walking (90),SUCCESS,299,11,89,199,288,C:\Users\newuser\capstone_project\output\Walking (90)\tracking\tracking_results.csv,C:\Users\newuser\capstone_project\output\Walking (90)\motion\roi_motion_data.json,,7.98s
Walking (91),SUCCESS,295,11,88,196,284,C:\Users\newuser\capstone_project\output\Walking (91)\tracking\tracking_results.csv,C:\Users\newuser\capstone_project\output\Walking (91)\motion\roi_motion_data.json,,12.98s
Walking (92),SUCCESS,302,11,90,201,291,C:\Users\newuser\capstone_project\output\Walking (92)\tracking\tracking_results.csv,C:\Users\newuser\capstone_project\output\Walking (92)\motion\roi_motion_data.json,,15.09s
Walking (93),SUCCESS,271,10,82,179,261,C:\Users\newuser\capstone_project\output\Walking (93)\tracking\tracking_results.csv,C:\Users\newuser\capstone_project\output\Walking (93)\motion\roi_motion_data.json,,6.82s
Walking (94),SUCCESS,265,9,80,176,256,C:\Users\newuser\capstone_project\output\Walking (94)\tracking\tracking_results.csv,C:\Users\newuser\capstone_project\output\Walking (94)\motion\roi_motion_data.json,,10.26s
Walking (95),SUCCESS,301,11,90,200,290,C:\Users\newuser\capstone_project\output\Walking (95)\tracking\tracking_results.csv,C:\Users\newuser\capstone_project\output\Walking (95)\motion\roi_motion_data.json,,10.31s
Walking (96),SUCCESS,304,11,91,202,293,C:\Users\newuser\capstone_project\output\Walking (96)\tracking\tracking_results.csv,C:\Users\newuser\capstone_project\output\Walking (96)\motion\roi_motion_data.json,,10.44s
Walking (97),SUCCESS,301,11,90,200,290,C:\Users\newuser\capstone_project\output\Walking (97)\tracking\tracking_results.csv,C:\Users\newuser\capstone_project\output\Walking (97)\motion\roi_motion_data.json,,10.48s
Walking (98),SUCCESS,280,10,84,186,270,C:\Users\newuser\capstone_project\output\Walking (98)\tracking\tracking_results.csv,C:\Users\newuser\capstone_project\output\Walking (98)\motion\roi_motion_data.json,,11.02s
Walking (99),SUCCESS,300,10,90,200,290,C:\Users\newuser\capstone_project\output\Walking (99)\tracking\tracking_results.csv,C:\Users\newuser\capstone_project\output\Walking (99)\motion\roi_motion_data.json,,11.88s
Walking (100),SUCCESS,296,11,88,197,285,C:\Users\newuser\capstone_project\output\Walking (100)\tracking\tracking_results.csv,C:\Users\newuser\capstone_project\output\Walking (100)\motion\roi_motion_data.json,,9.01s
Walking (101),SUCCESS,302,11,90,201,291,C:\Users\newuser\capstone_project\output\Walking (101)\tracking\tracking_results.csv,C:\Users\newuser\capstone_project\output\Walking (101)\motion\roi_motion_data.json,,9.12s
Walking (102),SUCCESS,301,11,90,200,290,C:\Users\newuser\capstone_project\output\Walking (102)\tracking\tracking_results.csv,C:\Users\newuser\capstone_project\output\Walking (102)\motion\roi_motion_data.json,,9.89s
Walking (103),SUCCESS,276,10,83,183,266,C:\Users\newuser\capstone_project\output\Walking (103)\tracking\tracking_results.csv,C:\Users\newuser\capstone_project\output\Walking (103)\motion\roi_motion_data.json,,8.67s
Walking (104),SUCCESS,271,10,81,180,261,C:\Users\newuser\capstone_project\output\Walking (104)\tracking\tracking_results.csv,C:\Users\newuser\capstone_project\output\Walking (104)\motion\roi_motion_data.json,,7.28s
Walking (105),SUCCESS,315,11,95,209,304,C:\Users\newuser\capstone_project\output\Walking (105)\tracking\tracking_results.csv,C:\Users\newuser\capstone_project\output\Walking (105)\motion\roi_motion_data.json,,8.08s
Walking (106),SUCCESS,303,11,90,202,292,C:\Users\newuser\capstone_project\output\Walking (106)\tracking\tracking_results.csv,C:\Users\newuser\capstone_project\output\Walking (106)\motion\roi_motion_data.json,,7.05s
Walking (107),SUCCESS,299,10,90,199,289,C:\Users\newuser\capstone_project\output\Walking (107)\tracking\tracking_results.csv,C:\Users\newuser\capstone_project\output\Walking (107)\motion\roi_motion_data.json,,6.50s
Walking (108),SUCCESS,305,11,91,203,294,C:\Users\newuser\capstone_project\output\Walking (108)\tracking\tracking_results.csv,C:\Users\newuser\capstone_project\output\Walking (108)\motion\roi_motion_data.json,,7.38s
Walking (109),SUCCESS,302,11,90,201,291,C:\Users\newuser\capstone_project\output\Walking (109)\tracking\tracking_results.csv,C:\Users\newuser\capstone_project\output\Walking (109)\motion\roi_motion_data.json,,6.98s
Walking (110),SUCCESS,299,10,90,199,289,C:\Users\newuser\capstone_project\output\Walking (110)\tracking\tracking_results.csv,C:\Users\newuser\capstone_project\output\Walking (110)\motion\roi_motion_data.json,,5.71s
Walking (111),SUCCESS,307,11,92,204,296,C:\Users\newuser\capstone_project\output\Walking (111)\tracking\tracking_results.csv,C:\Users\newuser\capstone_project\output\Walking (111)\motion\roi_motion_data.json,,7.07s
Walking (112),SUCCESS,292,10,88,194,282,C:\Users\newuser\capstone_project\output\Walking (112)\tracking\tracking_results.csv,C:\Users\newuser\capstone_project\output\Walking (112)\motion\roi_motion_data.json,,8.96s
Walking (113),SUCCESS,218,8,65,145,210,C:\Users\newuser\capstone_project\output\Walking (113)\tracking\tracking_results.csv,C:\Users\newuser\capstone_project\output\Walking (113)\motion\roi_motion_data.json,,6.65s
Walking (114),SUCCESS,265,9,80,176,256,C:\Users\newuser\capstone_project\output\Walking (114)\tracking\tracking_results.csv,C:\Users\newuser\capstone_project\output\Walking (114)\motion\roi_motion_data.json,,11.56s
Walking (115),SUCCESS,310,11,93,206,299,C:\Users\newuser\capstone_project\output\Walking (115)\tracking\tracking_results.csv,C:\Users\newuser\capstone_project\output\Walking (115)\motion\roi_motion_data.json,,13.19s
Walking (116),SUCCESS,317,11,95,211,306,C:\Users\newuser\capstone_project\output\Walking (116)\tracking\tracking_results.csv,C:\Users\newuser\capstone_project\output\Walking (116)\motion\roi_motion_data.json,,12.77s
Walking (117),SUCCESS,299,10,90,199,289,C:\Users\newuser\capstone_project\output\Walking (117)\tracking\tracking_results.csv,C:\Users\newuser\capstone_project\output\Walking (117)\motion\roi_motion_data.json,,12.72s
Walking (118),SUCCESS,285,10,85,190,275,C:\Users\newuser\capstone_project\output\Walking (118)\tracking\tracking_results.csv,C:\Users\newuser\capstone_project\output\Walking (118)\motion\roi_motion_data.json,,12.14s
Walking (119),SUCCESS,274,10,82,182,264,C:\Users\newuser\capstone_project\output\Walking (119)\tracking\tracking_results.csv,C:\Users\newuser\capstone_project\output\Walking (119)\motion\roi_motion_data.json,,12.09s
Walking (120),SUCCESS,291,10,87,194,281,C:\Users\newuser\capstone_project\output\Walking (120)\tracking\tracking_results.csv,C:\Users\newuser\capstone_project\output\Walking (120)\motion\roi_motion_data.json,,10.43s
Walking (121),SUCCESS,184,7,55,122,177,C:\Users\newuser\capstone_project\output\Walking (121)\tracking\tracking_results.csv,C:\Users\newuser\capstone_project\output\Walking (121)\motion\roi_motion_data.json,,6.78s
Walking (122),SUCCESS,308,11,92,205,297,C:\Users\newuser\capstone_project\output\Walking (122)\tracking\tracking_results.csv,C:\Users\newuser\capstone_project\output\Walking (122)\motion\roi_motion_data.json,,14.76s
Walking (123),SUCCESS,221,8,66,147,213,C:\Users\newuser\capstone_project\output\Walking (123)\tracking\tracking_results.csv,C:\Users\newuser\capstone_project\output\Walking (123)\motion\roi_motion_data.json,,11.15s
Walking (124),SUCCESS,304,11,91,202,293,C:\Users\newuser\capstone_project\output\Walking (124)\tracking\tracking_results.csv,C:\Users\newuser\capstone_project\output\Walking (124)\motion\roi_motion_data.json,,14.28s
Walking (125),SUCCESS,248,9,74,165,239,C:\Users\newuser\capstone_project\output\Walking (125)\tracking\tracking_results.csv,C:\Users\newuser\capstone_project\output\Walking (125)\motion\roi_motion_data.json,,12.31s
Walking (126),SUCCESS,290,10,87,193,280,C:\Users\newuser\capstone_project\output\Walking (126)\tracking\tracking_results.csv,C:\Users\newuser\capstone_project\output\Walking (126)\motion\roi_motion_data.json,,9.28s
Walking (127),SUCCESS,196,7,59,130,189,C:\Users\newuser\capstone_project\output\Walking (127)\tracking\tracking_results.csv,C:\Users\newuser\capstone_project\output\Walking (127)\motion\roi_motion_data.json,,6.51s
Walking (128),SUCCESS,272,10,82,180,262,C:\Users\newuser\capstone_project\output\Walking (128)\tracking\tracking_results.csv,C:\Users\newuser\capstone_project\output\Walking (128)\motion\roi_motion_data.json,,7.02s
Walking (129),SUCCESS,301,11,90,200,290,C:\Users\newuser\capstone_project\output\Walking (129)\tracking\tracking_results.csv,C:\Users\newuser\capstone_project\output\Walking (129)\motion\roi_motion_data.json,,13.56s
Walking (130),SUCCESS,121,5,36,80,116,C:\Users\newuser\capstone_project\output\Walking (130)\tracking\tracking_results.csv,C:\Users\newuser\capstone_project\output\Walking (130)\motion\roi_motion_data.json,,5.13s
Walking (131),SUCCESS,256,9,77,170,247,C:\Users\newuser\capstone_project\output\Walking (131)\tracking\tracking_results.csv,C:\Users\newuser\capstone_project\output\Walking (131)\motion\roi_motion_data.json,,16.19s
Walking (132),SUCCESS,110,4,33,73,106,C:\Users\newuser\capstone_project\output\Walking (132)\tracking\tracking_results.csv,C:\Users\newuser\capstone_project\output\Walking (132)\motion\roi_motion_data.json,,83.65s
Walking (133),SUCCESS,320,11,96,213,309,C:\Users\newuser\capstone_project\output\Walking (133)\tracking\tracking_results.csv,C:\Users\newuser\capstone_project\output\Walking (133)\motion\roi_motion_data.json,,10.14s
Walking (134),SUCCESS,239,8,72,159,231,C:\Users\newuser\capstone_project\output\Walking (134)\tracking\tracking_results.csv,C:\Users\newuser\capstone_project\output\Walking (134)\motion\roi_motion_data.json,,6.75s
Walking (135),SUCCESS,183,7,54,122,176,C:\Users\newuser\capstone_project\output\Walking (135)\tracking\tracking_results.csv,C:\Users\newuser\capstone_project\output\Walking (135)\motion\roi_motion_data.json,,5.81s
Walking (136),SUCCESS,330,11,99,220,319,C:\Users\newuser\capstone_project\output\Walking (136)\tracking\tracking_results.csv,C:\Users\newuser\capstone_project\output\Walking (136)\motion\roi_motion_data.json,,13.04s
Walking (137),SUCCESS,305,11,91,203,294,C:\Users\newuser\capstone_project\output\Walking (137)\tracking\tracking_results.csv,C:\Users\newuser\capstone_project\output\Walking (137)\motion\roi_motion_data.json,,10.59s
Walking (138),SUCCESS,307,11,92,204,296,C:\Users\newuser\capstone_project\output\Walking (138)\tracking\tracking_results.csv,C:\Users\newuser\capstone_project\output\Walking (138)\motion\roi_motion_data.json,,18.55s
Walking (139),SUCCESS,259,9,78,172,250,C:\Users\newuser\capstone_project\output\Walking (139)\tracking\tracking_results.csv,C:\Users\newuser\capstone_project\output\Walking (139)\motion\roi_motion_data.json,,7.04s
Walking (140),SUCCESS,286,10,86,190,276,C:\Users\newuser\capstone_project\output\Walking (140)\tracking\tracking_results.csv,C:\Users\newuser\capstone_project\output\Walking (140)\motion\roi_motion_data.json,,8.70s
Walking (141),SUCCESS,330,11,99,220,319,C:\Users\newuser\capstone_project\output\Walking (141)\tracking\tracking_results.csv,C:\Users\newuser\capstone_project\output\Walking (141)\motion\roi_motion_data.json,,9.04s
Walking (142),SUCCESS,300,10,90,200,290,C:\Users\newuser\capstone_project\output\Walking (142)\tracking\tracking_results.csv,C:\Users\newuser\capstone_project\output\Walking (142)\motion\roi_motion_data.json,,9.88s
Walking (143),SUCCESS,270,9,81,180,261,C:\Users\newuser\capstone_project\output\Walking (143)\tracking\tracking_results.csv,C:\Users\newuser\capstone_project\output\Walking (143)\motion\roi_motion_data.json,,9.16s
Walking (144),SUCCESS,260,9,78,173,251,C:\Users\newuser\capstone_project\output\Walking (144)\tracking\tracking_results.csv,C:\Users\newuser\capstone_project\output\Walking (144)\motion\roi_motion_data.json,,8.06s
Walking (145),SUCCESS,303,11,90,202,292,C:\Users\newuser\capstone_project\output\Walking (145)\tracking\tracking_results.csv,C:\Users\newuser\capstone_project\output\Walking (145)\motion\roi_motion_data.json,,8.81s
Walking (146),SUCCESS,337,12,101,224,325,C:\Users\newuser\capstone_project\output\Walking (146)\tracking\tracking_results.csv,C:\Users\newuser\capstone_project\output\Walking (146)\motion\roi_motion_data.json,,9.81s
Walking (147),SUCCESS,333,12,99,222,321,C:\Users\newuser\capstone_project\output\Walking (147)\tracking\tracking_results.csv,C:\Users\newuser\capstone_project\output\Walking (147)\motion\roi_motion_data.json,,5.40s
Walking (148),SUCCESS,316,11,95,210,305,C:\Users\newuser\capstone_project\output\Walking (148)\tracking\tracking_results.csv,C:\Users\newuser\capstone_project\output\Walking (148)\motion\roi_motion_data.json,,5.28s
Walking (149),SUCCESS,309,11,92,206,298,C:\Users\newuser\capstone_project\output\Walking (149)\tracking\tracking_results.csv,C:\Users\newuser\capstone_project\output\Walking (149)\motion\roi_motion_data.json,,5.43s
Walking (150),SUCCESS,320,11,96,213,309,C:\Users\newuser\capstone_project\output\Walking (150)\tracking\tracking_results.csv,C:\Users\newuser\capstone_project\output\Walking (150)\motion\roi_motion_data.json,,5.18s
Walking (151),SUCCESS,263,9,79,175,254,C:\Users\newuser\capstone_project\output\Walking (151)\tracking\tracking_results.csv,C:\Users\newuser\capstone_project\output\Walking (151)\motion\roi_motion_data.json,,3.91s
Walking (152),SUCCESS,255,9,76,170,246,C:\Users\newuser\capstone_project\output\Walking (152)\tracking\tracking_results.csv,C:\Users\newuser\capstone_project\output\Walking (152)\motion\roi_motion_data.json,,4.85s
Walking (153),SUCCESS,349,12,105,232,337,C:\Users\newuser\capstone_project\output\Walking (153)\tracking\tracking_results.csv,C:\Users\newuser\capstone_project\output\Walking (153)\motion\roi_motion_data.json,,7.12s
Walking (154),SUCCESS,328,11,99,218,317,C:\Users\newuser\capstone_project\output\Walking (154)\tracking\tracking_results.csv,C:\Users\newuser\capstone_project\output\Walking (154)\motion\roi_motion_data.json,,7.15s
Walking (155),SUCCESS,304,11,91,202,293,C:\Users\newuser\capstone_project\output\Walking (155)\tracking\tracking_results.csv,C:\Users\newuser\capstone_project\output\Walking (155)\motion\roi_motion_data.json,,6.59s
Walking (156),SUCCESS,312,11,93,208,301,C:\Users\newuser\capstone_project\output\Walking (156)\tracking\tracking_results.csv,C:\Users\newuser\capstone_project\output\Walking (156)\motion\roi_motion_data.json,,6.23s
Walking (157),SUCCESS,337,12,101,224,325,C:\Users\newuser\capstone_project\output\Walking (157)\tracking\tracking_results.csv,C:\Users\newuser\capstone_project\output\Walking (157)\motion\roi_motion_data.json,,6.64s
Walking (158),SUCCESS,375,13,112,250,362,C:\Users\newuser\capstone_project\output\Walking (158)\tracking\tracking_results.csv,C:\Users\newuser\capstone_project\output\Walking (158)\motion\roi_motion_data.json,,6.97s
Walking (159),SUCCESS,339,12,101,226,327,C:\Users\newuser\capstone_project\output\Walking (159)\tracking\tracking_results.csv,C:\Users\newuser\capstone_project\output\Walking (159)\motion\roi_motion_data.json,,4.90s
Walking (160),SUCCESS,333,12,99,222,321,C:\Users\newuser\capstone_project\output\Walking (160)\tracking\tracking_results.csv,C:\Users\newuser\capstone_project\output\Walking (160)\motion\roi_motion_data.json,,5.67s
Walking (161),SUCCESS,329,11,99,219,318,C:\Users\newuser\capstone_project\output\Walking (161)\tracking\tracking_results.csv,C:\Users\newuser\capstone_project\output\Walking (161)\motion\roi_motion_data.json,,4.79s
Walking (162),SUCCESS,331,12,99,220,319,C:\Users\newuser\capstone_project\output\Walking (162)\tracking\tracking_results.csv,C:\Users\newuser\capstone_project\output\Walking (162)\motion\roi_motion_data.json,,5.41s
Walking (163),SUCCESS,378,13,113,252,365,C:\Users\newuser\capstone_project\output\Walking (163)\tracking\tracking_results.csv,C:\Users\newuser\capstone_project\output\Walking (163)\motion\roi_motion_data.json,,5.90s
Walking (164),SUCCESS,424,15,127,282,409,C:\Users\newuser\capstone_project\output\Walking (164)\tracking\tracking_results.csv,C:\Users\newuser\capstone_project\output\Walking (164)\motion\roi_motion_data.json,,6.46s
Walking (165),SUCCESS,395,14,118,263,381,C:\Users\newuser\capstone_project\output\Walking (165)\tracking\tracking_results.csv,C:\Users\newuser\capstone_project\output\Walking (165)\motion\roi_motion_data.json,,6.29s
Walking (166),SUCCESS,350,12,105,233,338,C:\Users\newuser\capstone_project\output\Walking (166)\tracking\tracking_results.csv,C:\Users\newuser\capstone_project\output\Walking (166)\motion\roi_motion_data.json,,5.66s
Walking (167),SUCCESS,323,11,97,215,312,C:\Users\newuser\capstone_project\output\Walking (167)\tracking\tracking_results.csv,C:\Users\newuser\capstone_project\output\Walking (167)\motion\roi_motion_data.json,,5.05s
Walking (168),SUCCESS,272,10,81,181,262,C:\Users\newuser\capstone_project\output\Walking (168)\tracking\tracking_results.csv,C:\Users\newuser\capstone_project\output\Walking (168)\motion\roi_motion_data.json,,10.52s
Walking (169),SUCCESS,129,5,38,86,124,C:\Users\newuser\capstone_project\output\Walking (169)\tracking\tracking_results.csv,C:\Users\newuser\capstone_project\output\Walking (169)\motion\roi_motion_data.json,,4.92s
Walking (170),SUCCESS,288,10,86,192,278,C:\Users\newuser\capstone_project\output\Walking (170)\tracking\tracking_results.csv,C:\Users\newuser\capstone_project\output\Walking (170)\motion\roi_motion_data.json,,9.97s
Walking (171),SUCCESS,154,6,46,102,148,C:\Users\newuser\capstone_project\output\Walking (171)\tracking\tracking_results.csv,C:\Users\newuser\capstone_project\output\Walking (171)\motion\roi_motion_data.json,,5.77s
